State,District,Block,Tap water connection Coverage,Reporting by Implementing Departments (Reporting rate),Certification by Gram Sabhas (Certification Rate),Reporting to Coverage Ratio,Certification to Coverage Ratio,Certification to Reporting Ratio,Year,Updated_Name
Karnataka,Bagalkote,Badami,35.7269601,0,0,0,0,0,2021,Bagalkot
Karnataka,Bagalkote,Bagalkote,24.05112578,0,0,0,0,0,2021,Bagalkot
Karnataka,Bagalkote,Bilagi,28.95593536,1.235321474,0,4.266211604,0,0,2021,Bagalkot
Karnataka,Bagalkote,Hungund,7.25859361,0,0,0,0,0,2021,Bagalkot
Karnataka,Bagalkote,Jamakhandi,59.92611537,0,0,0,0,0,2021,Bagalkot
Karnataka,Bagalkote,Mudhol,65.22198318,0,0,0,0,0,2021,Bagalkot
Karnataka,Ballari,Ballari,48.36398302,0.433606003,0,0.896547339,0,0,2021,Ballari
Karnataka,Ballari,Hadagalli,44.57144656,0,0,0,0,0,2021,Ballari
Karnataka,Ballari,Hagaribommanahalli,17.66188025,0,0,0,0,0,2021,Ballari
Karnataka,Ballari,Harappanahalli,16.38176638,0,0,0,0,0,2021,Ballari
Karnataka,Ballari,Hospet,34.09972561,0,0,0,0,0,2021,Ballari
Karnataka,Ballari,Kudligi,27.02630106,0,0,0,0,0,2021,Ballari
Karnataka,Ballari,Sandur,6.618715669,0,0,0,0,0,2021,Ballari
Karnataka,Ballari,Siruguppa,60.40454342,0.002797672,0,0.004631559,0,0,2021,Ballari
Karnataka,Bangalore Rural,Devanhalli,20.64364864,0,0,0,0,0,2021,Bengaluru (Rural)
Karnataka,Bangalore Rural,Dodballapur,14.27494259,0,0,0,0,0,2021,Bengaluru (Rural)
Karnataka,Bangalore Rural,Hoskote,30.75954231,0,0,0,0,0,2021,Bengaluru (Rural)
Karnataka,Bangalore Rural,Nelamangala,11.24426731,0,0,0,0,0,2021,Bengaluru (Rural)
Karnataka,Belagavi,Athani,15.84742802,0,0,0,0,0,2021,Belagavi
Karnataka,Belagavi,Bailhongal,25.80762869,0,0,0,0,0,2021,Belagavi
Karnataka,Belagavi,Belagavi,31.33647361,0,0,0,0,0,2021,Belagavi
Karnataka,Belagavi,Chikodi,8.338803722,0,0,0,0,0,2021,Belagavi
Karnataka,Belagavi,Gokak,36.12615695,0.413364502,0,1.144224952,0,0,2021,Belagavi
Karnataka,Belagavi,Hukkeri,43.73311253,0,0,0,0,0,2021,Belagavi
Karnataka,Belagavi,Khanapur,29.18738242,0.834789035,0,2.860102434,0,0,2021,Belagavi
Karnataka,Belagavi,Ramdurg,27.09875366,0.677772192,0,2.501119427,0,0,2021,Belagavi
Karnataka,Belagavi,Raybag,8.050661906,0,0,0,0,0,2021,Belagavi
Karnataka,Belagavi,Saundatti,29.78285777,0.303695421,0,1.019698725,0,0,2021,Belagavi
Karnataka,Bengaluru Urban,Anekal,24.87335084,0,0,0,0,0,2021,Bengaluru (Urban)
Karnataka,Bengaluru Urban,Bangalore East,20.18681561,0,0,0,0,0,2021,Bengaluru (Urban)
Karnataka,Bengaluru Urban,Bangalore North,22.89613421,0,0,0,0,0,2021,Bengaluru (Urban)
Karnataka,Bengaluru Urban,Bangalore South,12.41148549,0,0,0,0,0,2021,Bengaluru (Urban)
Karnataka,Bidar,Aurad,23.37557948,0,0,0,0,0,2021,Bidar
Karnataka,Bidar,Basavakalyan,18.81409064,0,0,0,0,0,2021,Bidar
Karnataka,Bidar,Bhalki,17.87028836,0,0,0,0,0,2021,Bidar
Karnataka,Bidar,Bidar,20.54454015,0,0,0,0,0,2021,Bidar
Karnataka,Bidar,Humnabad,21.44387498,0,0,0,0,0,2021,Bidar
Karnataka,Chamarajanagar,Chamarajanagar,32.72717913,0.622884573,0,1.903263862,0,0,2021,Chamarajanagara
Karnataka,Chamarajanagar,Gundlupet,46.02178588,0.269679557,0,0.585982382,0,0,2021,Chamarajanagara
Karnataka,Chamarajanagar,Kollegala,23.8157411,0,0,0,0,0,2021,Chamarajanagara
Karnataka,Chamarajanagar,Yelandur,8.127283317,0,0,0,0,0,2021,Chamarajanagara
Karnataka,Chik Ballapur,Bagepalli,30.97686034,0,0,0,0,0,2021,Chikkaballapura
Karnataka,Chik Ballapur,Chikballapur,19.89643722,0,0,0,0,0,2021,Chikkaballapura
Karnataka,Chik Ballapur,Chintamani,9.955791335,0,0,0,0,0,2021,Chikkaballapura
Karnataka,Chik Ballapur,Gauribidanur,30.84306142,0,0,0,0,0,2021,Chikkaballapura
Karnataka,Chik Ballapur,Gudibande,40.48217444,0,0,0,0,0,2021,Chikkaballapura
Karnataka,Chik Ballapur,Sidlaghatta,3.861369109,0,0,0,0,0,2021,Chikkaballapura
Karnataka,Chikmagalur,Chikkamagalur,22.51099472,0.711617936,0,3.161201649,0,0,2021,Chikkamagaluru
Karnataka,Chikmagalur,Kadur,32.62527521,0,0,0,0,0,2021,Chikkamagaluru
Karnataka,Chikmagalur,Koppa,28.2202607,0,0,0,0,0,2021,Chikkamagaluru
Karnataka,Chikmagalur,Mudigere,41.06113869,0.003624108,0,0.008826125,0,0,2021,Chikkamagaluru
Karnataka,Chikmagalur,Narasimharajapura,41.89180599,0.540334372,0,1.28983308,0,0,2021,Chikkamagaluru
Karnataka,Chikmagalur,Sringeri,18.69549195,0,0,0,0,0,2021,Chikkamagaluru
Karnataka,Chikmagalur,Tarikere,43.7658693,0,0,0,0,0,2021,Chikkamagaluru
Karnataka,Chitradurga,Challakere,38.1366246,0.056882821,0,0.149155364,0,0,2021,Chitradurga
Karnataka,Chitradurga,Chitradurga,20.59980982,0.229683271,0,1.114977629,0,0,2021,Chitradurga
Karnataka,Chitradurga,Hiriyur,39.19644943,0,0,0,0,0,2021,Chitradurga
Karnataka,Chitradurga,Holalkere,47.85830541,0,0,0,0,0,2021,Chitradurga
Karnataka,Chitradurga,Hosadurga,34.78377344,0,0,0,0,0,2021,Chitradurga
Karnataka,Chitradurga,Molakalmuru,44.34352955,0,0,0,0,0,2021,Chitradurga
Karnataka,Dakshina Kannada,Bantwal,61.2563221,0.41682707,0,0.680463756,0,0,2021,Dakshina Kannada
Karnataka,Dakshina Kannada,Beltangady,43.36638773,0,0,0,0,0,2021,Dakshina Kannada
Karnataka,Dakshina Kannada,Mangalore,57.92455211,0.912187737,0,1.574785999,0,0,2021,Dakshina Kannada
Karnataka,Dakshina Kannada,Puttur,54.03004232,0,0,0,0,0,2021,Dakshina Kannada
Karnataka,Dakshina Kannada,Sullia,33.26597383,0,0,0,0,0,2021,Dakshina Kannada
Karnataka,Davangere,Channagiri,46.27190084,0.09692911,0,0.209477259,0,0,2021,Davanagere
Karnataka,Davangere,Davanagere,31.25773196,0.206185567,0,0.659630607,0,0,2021,Davanagere
Karnataka,Davangere,Harihara,52.87569573,0,0,0,0,0,2021,Davanagere
Karnataka,Davangere,Honnali,50.45196635,0,0,0,0,0,2021,Davanagere
Karnataka,Davangere,Jagalur,13.97489319,0,0,0,0,0,2021,Davanagere
Karnataka,Dharwad,Dharwad,52.53544166,0,0,0,0,0,2021,Dharwad
Karnataka,Dharwad,Hubli,34.25830764,0,0,0,0,0,2021,Dharwad
Karnataka,Dharwad,Kalghatgi,48.54228387,0,0,0,0,0,2021,Dharwad
Karnataka,Dharwad,Kundgol,52.75679151,0,0,0,0,0,2021,Dharwad
Karnataka,Dharwad,Navalgund,42.11828058,0,0,0,0,0,2021,Dharwad
Karnataka,Gadag,Gadag,46.8489662,3.91289334,0,8.35214447,0,0,2021,Gadag
Karnataka,Gadag,Mundaragi,36.65775227,0,0,0,0,0,2021,Gadag
Karnataka,Gadag,Naragund,47.7159172,0,0,0,0,0,2021,Gadag
Karnataka,Gadag,Ron,26.1155669,0,0,0,0,0,2021,Gadag
Karnataka,Gadag,Shirahatti,20.38215014,0,0,0,0,0,2021,Gadag
Karnataka,Hassan,Alur,18.14308723,0,0,0,0,0,2021,Hassan
Karnataka,Hassan,Arkalgud,23.42879312,0.333286309,0,1.422550053,0,0,2021,Hassan
Karnataka,Hassan,Arsikere,19.78782534,0.773609107,0,3.909520594,0,0,2021,Hassan
Karnataka,Hassan,Belur,12.93261794,0,0,0,0,0,2021,Hassan
Karnataka,Hassan,Channarayapatna,17.72973471,0,0,0,0,0,2021,Hassan
Karnataka,Hassan,Hassan,16.85364253,0,0,0,0,0,2021,Hassan
Karnataka,Hassan,Holenarsipur,41.00043476,1.999903386,0,4.877761414,0,0,2021,Hassan
Karnataka,Hassan,Sakaleshpur,18.18015914,0.313891525,0,1.726560932,0,0,2021,Hassan
Karnataka,Haveri,Byadgi,33.68721927,0.314414047,0,0.933333333,0,0,2021,Haveri
Karnataka,Haveri,Hanagal,38.00796241,0.181126932,0,0.476549967,0,0,2021,Haveri
Karnataka,Haveri,Haveri,28.22416369,0.8578154,0,3.039294306,0,0,2021,Haveri
Karnataka,Haveri,Hirekerur,22.56605876,0,0,0,0,0,2021,Haveri
Karnataka,Haveri,Ranebennur,28.06699117,0.088689052,0,0.315990594,0,0,2021,Haveri
Karnataka,Haveri,Savanur,22.83068874,0,0,0,0,0,2021,Haveri
Karnataka,Haveri,Shiggaon,31.073148,0,0,0,0,0,2021,Haveri
Karnataka,Kalaburagi,Afzalpur,21.65219103,0,0,0,0,0,2021,Kalburgi
Karnataka,Kalaburagi,Aland,23.29078014,0,0,0,0,0,2021,Kalburgi
Karnataka,Kalaburagi,Chincholi,13.39140589,0,0,0,0,0,2021,Kalburgi
Karnataka,Kalaburagi,Chittapur,30.07487392,0,0,0,0,0,2021,Kalburgi
Karnataka,Kalaburagi,Jewargi,12.64963634,0,0,0,0,0,2021,Kalburgi
Karnataka,Kalaburagi,Kalaburgi,11.60618962,0,0,0,0,0,2021,Kalburgi
Karnataka,Kalaburagi,Sedam,31.68828484,0,0,0,0,0,2021,Kalburgi
Karnataka,Kodagu,Madikeri,56.28900538,0,0,0,0,0,2021,Kodagu
Karnataka,Kodagu,Somvarpet,54.78813384,0,0,0,0,0,2021,Kodagu
Karnataka,Kodagu,Virajpet,13.49645251,0,0,0,0,0,2021,Kodagu
Karnataka,Kolar,Bangarapet,21.32351577,0,0,0,0,0,2021,Kolara
Karnataka,Kolar,Kolar,40.3198438,0,0,0,0,0,2021,Kolara
Karnataka,Kolar,Malur,17.65476432,0,0,0,0,0,2021,Kolara
Karnataka,Kolar,Mulbagal,21.73288888,0,0,0,0,0,2021,Kolara
Karnataka,Kolar,Srinivasapura,41.02758248,0.648999459,0,1.581861323,0,0,2021,Kolara
Karnataka,Koppal,Gangavathi,50.36405659,0,0,0,0,0,2021,Koppal
Karnataka,Koppal,Koppal,36.08570021,0,0,0,0,0,2021,Koppal
Karnataka,Koppal,Kushtagi,40.77846352,0,0,0,0,0,2021,Koppal
Karnataka,Koppal,Yelburga,54.54252346,0,0,0,0,0,2021,Koppal
Karnataka,Mandya,Krishnarajpet,54.98424842,2.734023402,0,4.972375691,0,0,2021,Mandya
Karnataka,Mandya,Maddur,68.361039,0.203668909,0,0.297931266,0,0,2021,Mandya
Karnataka,Mandya,Malvalli,40.0299681,0,0,0,0,0,2021,Mandya
Karnataka,Mandya,Mandya,65.40130919,0,0,0,0,0,2021,Mandya
Karnataka,Mandya,Nagamangala,24.41874444,0,0,0,0,0,2021,Mandya
Karnataka,Mandya,Pandavapura,64.8999512,0.141532455,0,0.218077906,0,0,2021,Mandya
Karnataka,Mandya,Shrirangapattana,81.46288101,0,0,0,0,0,2021,Mandya
Karnataka,Mysuru,Heggadadevankote,48.21552504,0.04626806,0,0.095960918,0,0,2021,Mysuru
Karnataka,Mysuru,Hunsur,31.10477357,0.042108487,0,0.135376285,0,0,2021,Mysuru
Karnataka,Mysuru,Krishnarajanagara,52.98994691,0.740991754,0,1.398362892,0,0,2021,Mysuru
Karnataka,Mysuru,Mysore,25.50204044,0,0,0,0,0,2021,Mysuru
Karnataka,Mysuru,Nanjangud,37.46960806,0,0,0,0,0,2021,Mysuru
Karnataka,Mysuru,Piriyapatna,30.15151214,0,0,0,0,0,2021,Mysuru
Karnataka,Mysuru,Tirumakudal-narsipur,29.41376252,0,0,0,0,0,2021,Mysuru
Karnataka,Raichur,Deodurga,41.45777778,0.128395062,0,0.309700781,0,0,2021,Raichur
Karnataka,Raichur,Lingsugur,25.62109455,0,0,0,0,0,2021,Raichur
Karnataka,Raichur,Manvi,32.49885996,1.045332834,0,3.216521551,0,0,2021,Raichur
Karnataka,Raichur,Raichur,28.3758001,0,0,0,0,0,2021,Raichur
Karnataka,Raichur,Sindhnur,33.17779495,0.495778591,0,1.494308443,0,0,2021,Raichur
Karnataka,Ramanagaram,Channapatna,47.98771583,0,0,0,0,0,2021,Ramanagara
Karnataka,Ramanagaram,Kanakapura,41.80697686,0.850683067,0,2.034787327,0,0,2021,Ramanagara
Karnataka,Ramanagaram,Magadi,23.42078395,0.108758379,0,0.464366945,0,0,2021,Ramanagara
Karnataka,Ramanagaram,Ramanagaram,42.41311406,1.359838203,0,3.206173924,0,0,2021,Ramanagara
Karnataka,Shivamogga,Bhadravati,57.67585412,0.074228898,0,0.128700129,0,0,2021,Shivamogga
Karnataka,Shivamogga,Hosanagara,8.855012428,0.215410108,0,2.432634731,0,0,2021,Shivamogga
Karnataka,Shivamogga,Sagar,46.10498951,0.425393637,0,0.922662908,0,0,2021,Shivamogga
Karnataka,Shivamogga,Shikarpur,44.90479881,5.265913994,0,11.72684019,0,0,2021,Shivamogga
Karnataka,Shivamogga,Shivamogga,28.18138028,0.144508671,0,0.51278067,0,0,2021,Shivamogga
Karnataka,Shivamogga,Soraba,22.98311445,0.430296109,0,1.872227152,0,0,2021,Shivamogga
Karnataka,Shivamogga,Tirthahalli,26.67386302,0,0,0,0,0,2021,Shivamogga
Karnataka,Tumkur,Chiknayakanhalli,17.62049945,0,0,0,0,0,2021,Tumakuru
Karnataka,Tumkur,Gubbi,15.26901362,0,0,0,0,0,2021,Tumakuru
Karnataka,Tumkur,Koratagere,50.35654305,0,0,0,0,0,2021,Tumakuru
Karnataka,Tumkur,Kunigal,61.74353562,0.021108179,0,0.034186865,0,0,2021,Tumakuru
Karnataka,Tumkur,Madhugiri,23.30107664,0,0,0,0,0,2021,Tumakuru
Karnataka,Tumkur,Pavagada,48.77912835,0,0,0,0,0,2021,Tumakuru
Karnataka,Tumkur,Sira,18.76663709,0,0,0,0,0,2021,Tumakuru
Karnataka,Tumkur,Tiptur,23.69330995,0,0,0,0,0,2021,Tumakuru
Karnataka,Tumkur,Tumkur,43.97429107,0.028629096,0,0.065104167,0,0,2021,Tumakuru
Karnataka,Tumkur,Turuvekere,13.12626667,0,0,0,0,0,2021,Tumakuru
Karnataka,Udupi,Karkal,36.68220785,0,0,0,0,0,2021,Udupi
Karnataka,Udupi,Kundapura,24.62595182,0,0,0,0,0,2021,Udupi
Karnataka,Udupi,Udupi,29.32633646,0,0,0,0,0,2021,Udupi
Karnataka,Uttara Kannada,Ankola,3.631855944,0,0,0,0,0,2021,Uttara Kannada
Karnataka,Uttara Kannada,Bhatkal,9.559859155,0,0,0,0,0,2021,Uttara Kannada
Karnataka,Uttara Kannada,Haliyal,30.85106383,0,0,0,0,0,2021,Uttara Kannada
Karnataka,Uttara Kannada,Honavar,1.53670465,0,0,0,0,0,2021,Uttara Kannada
Karnataka,Uttara Kannada,Joida (supa),24.04557266,1.312545806,0,5.458575783,0,0,2021,Uttara Kannada
Karnataka,Uttara Kannada,Karwar,3.764429662,0,0,0,0,0,2021,Uttara Kannada
Karnataka,Uttara Kannada,Kumta,3.328899468,0,0,0,0,0,2021,Uttara Kannada
Karnataka,Uttara Kannada,Mundgod,20.20840917,0,0,0,0,0,2021,Uttara Kannada
Karnataka,Uttara Kannada,Siddapur,6.891554223,0,0,0,0,0,2021,Uttara Kannada
Karnataka,Uttara Kannada,Sirsi,4.66111535,0,0,0,0,0,2021,Uttara Kannada
Karnataka,Uttara Kannada,Yellapur,9.340893848,0,0,0,0,0,2021,Uttara Kannada
Karnataka,Vijayapura(Bijapur),Basavana Bagevadi,30.71859786,0,0,0,0,0,2021,Vijayapura
Karnataka,Vijayapura(Bijapur),Indi,14.18186014,0.373874913,0,2.636289666,0,0,2021,Vijayapura
Karnataka,Vijayapura(Bijapur),Muddebihal,35.87718391,0,0,0,0,0,2021,Vijayapura
Karnataka,Vijayapura(Bijapur),Sindgi,24.17876527,0,0,0,0,0,2021,Vijayapura
Karnataka,Vijayapura(Bijapur),Vijayapur,18.73085534,0,0,0,0,0,2021,Vijayapura
Karnataka,Yadgir,Shahapur,14.63620612,0,0,0,0,0,2021,Yadgir
Karnataka,Yadgir,Shorapur,13.49920797,0,0,0,0,0,2021,Yadgir
Karnataka,Yadgir,Yadgir,19.64122635,0,0,0,0,0,2021,Yadgir
Karnataka,Haveri,Byadgi,95.03321033,53.0701107,25.04059041,55.84375243,26.34930496,47.18397997,2023,Haveri
Karnataka,Haveri,Hanagal,84.26068025,35.16720797,18.47317891,41.7362023,21.9238426,52.52955803,2023,Haveri
Karnataka,Haveri,Haveri,90.90008871,49.08299466,18.88061395,53.9966411,20.77073215,38.4667115,2023,Haveri
Karnataka,Haveri,Hirekerur,58.41872865,22.10280763,6.377572274,37.83513976,10.91699943,28.8541274,2023,Haveri
Karnataka,Haveri,Ranebennur,92.48099226,40.40853509,18.18962195,43.69388142,19.66849782,45.01430677,2023,Haveri
Karnataka,Haveri,RATTIHALLI,81.91134087,48.22727481,5.686444943,58.87740855,6.942194918,11.79093151,2023,Haveri
Karnataka,Haveri,Savanur,94.52887538,55.71356202,30.73527283,58.93814117,32.51416322,55.16659089,2023,Haveri
Karnataka,Haveri,Shiggaon,88.83718044,37.76371308,17.02965997,42.5089055,19.16951875,45.09530069,2023,Haveri
Karnataka,Kalaburagi,Afzalpur,61.99796259,4.330580662,0.877820404,6.985037058,1.41588589,20.27027027,2023,Kalburgi
Karnataka,Kalaburagi,Aland,57.28625082,22.62259586,8.024699608,39.49044586,14.00807261,35.47205483,2023,Kalburgi
Karnataka,Kalaburagi,Chincholi,50.70427749,8.727117923,5.760082922,17.2117982,11.36015186,66.00212089,2023,Kalburgi
Karnataka,Kalaburagi,Chittapur,63.5665472,18.01972264,8.060459008,28.34780782,12.68034739,44.73131563,2023,Kalburgi
Karnataka,Kalaburagi,Jewargi,75.83719298,15.08491228,1.925614035,19.89117963,2.539142022,12.76516561,2023,Kalburgi
Karnataka,Kalaburagi,Kalaburgi,67.22342568,15.5075438,8.701022308,23.06866043,12.94343783,56.10832006,2023,Kalburgi
Karnataka,Kalaburagi,KALAGI,54.15096228,1.134051566,0.100063373,2.094240838,0.184785956,8.823529412,2023,Kalburgi
Karnataka,Kalaburagi,KAMALAPUR,58.38096102,18.63074178,10.0910218,31.91235885,17.28478193,54.16328518,2023,Kalburgi
Karnataka,Kalaburagi,Sedam,60.07814026,11.79331901,9.103340496,19.62996683,15.15250049,77.19065761,2023,Kalburgi
Karnataka,Kalaburagi,SHAHABAD,58.43334762,6.118731247,6.118731247,10.4713002,10.4713002,100,2023,Kalburgi
Karnataka,Kalaburagi,YDRAMI,73.95002658,13.49118718,6.232364127,18.24365426,8.427805121,46.19581691,2023,Kalburgi
Karnataka,Kodagu,KUSHALANAGARA,85.08612874,28.62647325,16.54200665,33.64411295,19.44148464,57.78569543,2023,Kodagu
Karnataka,Kodagu,Madikeri,90.47854124,18.01857394,2.394248866,19.91474851,2.646206309,13.28767123,2023,Kodagu
Karnataka,Kodagu,PONNAMPETE,84.69761644,27.31839988,15.01152117,32.25403621,17.72366426,54.95022124,2023,Kodagu
Karnataka,Kodagu,Somvarpet,79.51667054,16.2317588,10.74028521,20.41302621,13.50696041,66.16833914,2023,Kodagu
Karnataka,Kodagu,Virajpet,85.72892272,12.519516,2.868852459,14.60360822,3.346423083,22.91504287,2023,Kodagu
Karnataka,Kolar,Bangarapet,27.93976373,0.090873686,0,0.325248583,0,0,2023,Kolara
Karnataka,Kolar,K.G.F,28.43640567,0,0,0,0,0,2023,Kolara
Karnataka,Kolar,Kolar,43.69132347,0,0,0,0,0,2023,Kolara
Karnataka,Kolar,MALUR,26.73271388,0,0,0,0,0,2023,Kolara
Karnataka,Kolar,Mulbagal,39.30887237,0,0,0,0,0,2023,Kolara
Karnataka,Kolar,Srinivasapura,40.40253183,0.57843207,0,1.431672828,0,0,2023,Kolara
Karnataka,Ballari,Ballari,84.65144527,26.83292528,21.73698495,31.69813013,25.67822071,81.00862923,2023,Ballari
Karnataka,Ballari,KAMPLI,88.34241398,12.57546753,5.777254209,14.23491499,6.539615513,45.94067135,2023,Ballari
Karnataka,Ballari,KURUGODU,97.53737108,30.88282066,30.88282066,31.66255182,31.66255182,100,2023,Ballari
Karnataka,Ballari,Sandur,19.43957652,0,0,0,0,0,2023,Ballari
Karnataka,Ballari,Siruguppa,88.52471411,35.33314432,16.48804461,39.91331084,18.62535765,46.66452683,2023,Ballari
Karnataka,Koppal,Gangavathi,87.61125812,16.12220351,6.057252827,18.40197694,6.913783635,37.57087437,2023,Koppal
Karnataka,Koppal,KANAKAGIRI,95.15567045,57.04169945,39.48521974,59.94566501,41.49539334,69.22167488,2023,Koppal
Karnataka,Koppal,KARATAGI,93.10250605,31.19291123,8.150519166,33.50383632,8.754349922,26.12939557,2023,Koppal
Karnataka,Koppal,Koppal,82.79474847,16.26543611,8.628623424,19.64549251,10.42170377,53.04882922,2023,Koppal
Karnataka,Koppal,KUKANURU,89.71069006,17.45351004,6.032270538,19.45532915,6.724137931,34.56193353,2023,Koppal
Karnataka,Koppal,Kushtagi,92.09334727,38.59862998,24.45431325,41.9125063,26.55383258,63.35539179,2023,Koppal
Karnataka,Koppal,Yelburga,86.68934584,16.23150094,10.79283222,18.72375525,12.45001,66.49312508,2023,Koppal
Karnataka,Mandya,Krishnarajpet,71.1252688,19.72750907,11.90583176,27.73628754,16.73924325,60.35141951,2023,Mandya
Karnataka,Mandya,Maddur,92.65752352,19.11392582,3.99837828,20.62857402,4.315222475,20.91866589,2023,Mandya
Karnataka,Mandya,Malvalli,91.46834448,10.70074715,2.120330319,11.69885299,2.31810287,19.81478759,2023,Mandya
Karnataka,Mandya,Mandya,84.28985037,0.901047163,0.635874124,1.068986549,0.754389907,70.57057057,2023,Mandya
Karnataka,Mandya,Nagamangala,67.9120327,1.587156592,1.130420882,2.33707714,1.664536956,71.22302158,2023,Mandya
Karnataka,Mandya,Pandavapura,96.73864703,17.38894105,4.825319958,17.97517495,4.987996118,27.74936061,2023,Mandya
Karnataka,Mandya,Shrirangapattana,98.42142734,6.657992291,2.771708443,6.764779247,2.816163632,41.62979351,2023,Mandya
Karnataka,Mysuru,Heggadadevankote,51.61511586,2.600047157,1.916275481,5.037375415,3.712624585,73.70156636,2023,Mysuru
Karnataka,Mysuru,Hunsur,71.74988967,7.086564529,5.256604249,9.876760177,7.326288966,74.17704626,2023,Mysuru
Karnataka,Mysuru,Krishnarajanagara,66.2823556,15.19159037,2.422666817,22.91950887,3.655070487,15.94742063,2023,Mysuru
Karnataka,Mysuru,Mysore,38.45374445,2.280741837,1.004281358,5.931130686,2.611660768,44.03310105,2023,Mysuru
Karnataka,Mysuru,Nanjangud,80.81153389,31.97829964,8.690051526,39.57145485,10.75347925,27.17483926,2023,Mysuru
Karnataka,Mysuru,Piriyapatna,66.14565185,7.511573498,4.257719813,11.35611078,6.43688541,56.68212945,2023,Mysuru
Karnataka,Mysuru,SALIGRAMA,95.51551735,24.67227608,15.19724407,25.83064696,15.91075931,61.59644137,2023,Mysuru
Karnataka,Mysuru,SARAGURU,67.43964158,14.34497635,8.85671617,21.27083718,13.13280433,61.74089069,2023,Mysuru
Karnataka,Mysuru,Tirumakudal-narsipur,66.24532779,11.9546505,5.298013245,18.04602814,7.997565144,44.31759211,2023,Mysuru
Karnataka,Raichur,Deodurga,86.06765756,46.16716315,21.8241652,53.64054798,25.35698753,47.27205162,2023,Raichur
Karnataka,Raichur,Lingsugur,79.0584016,27.93502338,3.192574101,35.33466756,4.038247721,11.42857143,2023,Raichur
Karnataka,Raichur,Manvi,71.5552192,38.67776637,10.51678469,54.05303316,14.697439,27.19077568,2023,Raichur
Karnataka,Raichur,MASKI,76.06952514,31.51197964,12.16689874,41.42523512,15.9944455,38.61039159,2023,Raichur
Karnataka,Raichur,Raichur,82.09568011,25.35552779,16.25907414,30.88533739,19.80503008,64.12437665,2023,Raichur
Karnataka,Raichur,Sindhnur,76.62906267,5.770029721,4.120993257,7.529819001,5.377846359,71.4206591,2023,Raichur
Karnataka,Raichur,SIRWAR,73.44027429,25.86787485,13.30129186,35.22300959,18.11171321,51.42011834,2023,Raichur
Karnataka,Ramanagara,CHANNAPATNA,96.77487231,37.61692523,13.04397727,38.8705501,13.47868198,34.67581998,2023,Ramanagara
Karnataka,Ramanagara,KANAKAPURA,81.96906147,19.74811708,3.603481712,24.09215956,4.396148556,18.24721667,2023,Ramanagara
Karnataka,Ramanagara,MAGADI,75.84806596,5.143771279,0.084088765,6.781677573,0.110864745,1.63476874,2023,Ramanagara
Karnataka,Ramanagara,RAMANAGARAM,94.52537991,29.12952091,15.0298374,30.81661342,15.90031949,51.5965829,2023,Ramanagara
Karnataka,Shivamogga,Bhadravati,86.46739408,34.33877475,18.41796177,39.71297518,21.3004705,53.63604818,2023,Shivamogga
Karnataka,Shivamogga,Hosanagara,53.12086627,1.873442643,0.024610084,3.526754691,0.046328469,1.3136289,2023,Shivamogga
Karnataka,Shivamogga,Sagar,83.34763056,11.19082898,3.173984247,13.4266912,3.808127748,28.36236934,2023,Shivamogga
Karnataka,Shivamogga,Shikarpur,95.06035442,49.02191593,17.63547641,51.56925432,18.5518732,35.97467802,2023,Shivamogga
Karnataka,Shivamogga,Shivamogga,80.70536489,25.21639126,7.731573956,31.245,9.58,30.66090574,2023,Shivamogga
Karnataka,Shivamogga,Soraba,81.54955189,30.99320258,10.97761614,38.00536221,13.46128322,35.41943145,2023,Shivamogga
Karnataka,Shivamogga,Tirthahalli,80.05352219,6.963291345,0,8.698294783,0,0,2023,Shivamogga
Karnataka,Tumakuru,CHIKNAYAKANHALLI,63.13673727,0.80398392,0.28199436,1.273401121,0.446640692,35.07462687,2023,Tumakuru
Karnataka,Tumakuru,GUBBI,43.23764427,1.129032258,0,2.611225188,0,0,2023,Tumakuru
Karnataka,Tumakuru,KORATAGERE,55.86452205,0.738238518,0,1.321480058,0,0,2023,Tumakuru
Karnataka,Tumakuru,KUNIGAL,62.32779423,0.48431537,0.325158729,0.777045579,0.521691378,67.13780919,2023,Tumakuru
Karnataka,Tumakuru,MADHUGIRI,33.68636225,0.156126768,0.156126768,0.463471738,0.463471738,100,2023,Tumakuru
Karnataka,Tumakuru,PAVAGADA,71.20036325,0,0,0,0,0,2023,Tumakuru
Karnataka,Tumakuru,SIRA,44.76631083,0.008173808,0,0.018258837,0,0,2023,Tumakuru
Karnataka,Tumakuru,TIPTUR,54.86304445,0.828468792,0,1.510067114,0,0,2023,Tumakuru
Karnataka,Tumakuru,TUMKUR,63.3677507,7.500409731,4.975299103,11.83631997,7.851468686,66.33369752,2023,Tumakuru
Karnataka,Tumakuru,TURUVEKERE,43.00807078,1.93181016,0.560013177,4.491738702,1.302111828,28.98903776,2023,Tumakuru
Karnataka,Udupi,BRAHMAVAR,81.17603031,9.271647097,7.327969313,11.4216562,9.027257535,79.03632694,2023,Udupi
Karnataka,Udupi,BYNDOOR,66.79655455,7.744052502,6.550451189,11.59349094,9.806570464,84.58686441,2023,Udupi
Karnataka,Udupi,HEBRI,81.42713723,6.371148351,6.371148351,7.824355083,7.824355083,100,2023,Udupi
Karnataka,Udupi,KAPU,68.59076433,0,0,0,0,0,2023,Udupi
Karnataka,Udupi,Karkal,83.10410763,3.428018522,0,4.124968813,0,0,2023,Udupi
Karnataka,Udupi,Kundapura,78.35767297,14.31478505,8.245836041,18.26851731,10.52332941,57.60363159,2023,Udupi
Karnataka,Udupi,Udupi,80.88190137,0,0,0,0,0,2023,Udupi
Karnataka,Uttara Kannada,Ankola,31.09281028,0.023920175,0,0.076931531,0,0,2023,Uttara Kannada
Karnataka,Uttara Kannada,Bhatkal,29.73182753,1.01680444,0,3.419919071,0,0,2023,Uttara Kannada
Karnataka,Uttara Kannada,DANDELI,61.44067797,7.49470339,7.49470339,12.19827586,12.19827586,100,2023,Uttara Kannada
Karnataka,Uttara Kannada,Haliyal,52.58735663,12.62114342,4.254467858,24.00033815,8.090286584,33.70905248,2023,Uttara Kannada
Karnataka,Uttara Kannada,Honavar,26.90230294,1.035731244,0.362060779,3.849972421,1.345835632,34.95702006,2023,Uttara Kannada
Karnataka,Uttara Kannada,Joida (supa),76.889274,34.48660024,2.667574426,44.85229011,3.469371327,7.735104092,2023,Uttara Kannada
Karnataka,Uttara Kannada,Karwar,35.76081153,2.527140061,2.527140061,7.066786105,7.066786105,100,2023,Uttara Kannada
Karnataka,Uttara Kannada,Kumta,46.06470147,3.450527209,1.449417295,7.490610162,3.146481468,42.00567644,2023,Uttara Kannada
Karnataka,Uttara Kannada,Mundgod,74.00728207,8.160205611,5.041764832,11.02621983,6.812525323,61.7847769,2023,Uttara Kannada
Karnataka,Uttara Kannada,Siddapur,74.17090718,3.39094578,0,4.571800331,0,0,2023,Uttara Kannada
Karnataka,Uttara Kannada,Sirsi,66.39892905,11.26580396,2.608954336,16.96684588,3.92921147,23.1581727,2023,Uttara Kannada
Karnataka,Uttara Kannada,Yellapur,71.90323167,10.93191051,0.75789729,15.2036428,1.054051775,6.932889628,2023,Uttara Kannada
Karnataka,Vijayanagara,HADAGALLI,61.94163302,2.217797688,2.217797688,3.580463704,3.580463704,100,2023,Vijayanagara
Karnataka,Vijayanagara,HAGARIBOMMANAHALLI,95.89470022,85.94166763,38.49008466,89.62087314,40.13786431,44.78629019,2023,Vijayanagara
Karnataka,Vijayanagara,HARAPPANAHALLI,58.77846818,21.53053184,6.30788906,36.62996418,10.73163227,29.29741405,2023,Vijayanagara
Karnataka,Vijayanagara,HOSPET,54.64150393,15.82993296,4.466627805,28.9705294,8.174423256,28.21634062,2023,Vijayanagara
Karnataka,Vijayanagara,KOTTURU,15.4581645,0,0,0,0,0,2023,Vijayanagara
Karnataka,Vijayanagara,KUDLIGI,30.09639287,0,0,0,0,0,2023,Vijayanagara
Karnataka,Belagavi,Athani,91.352863,17.29704286,7.186565511,18.9343194,7.866820235,41.54794301,2023,Belagavi
Karnataka,Belagavi,Bailhongal,87.58085382,53.52566943,39.4726116,61.11572004,45.06990955,73.74519931,2023,Belagavi
Karnataka,Belagavi,Belagavi,78.20648622,16.67755967,11.48122272,21.32503386,14.68065282,68.84234234,2023,Belagavi
Karnataka,Belagavi,Chikodi,89.72912726,2.085584977,0,2.324312117,0,0,2023,Belagavi
Karnataka,Belagavi,Gokak,79.90205089,4.819988971,2.55245398,6.032372032,3.194478679,52.95559793,2023,Belagavi
Karnataka,Belagavi,Hukkeri,88.53945756,13.53332978,7.662386103,15.28508323,8.654204933,56.61863139,2023,Belagavi
Karnataka,Belagavi,KAGAVADA,93.0758988,19.40570467,2.032377882,20.84933363,2.183570514,10.47309498,2023,Belagavi
Karnataka,Belagavi,Khanapur,95.63434677,28.36823928,19.02614968,29.66323318,19.89468254,67.06848986,2023,Belagavi
Karnataka,Belagavi,KITTUR,88.42035908,50.15648163,45.12847966,56.72503726,51.03856185,89.97536946,2023,Belagavi
Karnataka,Belagavi,MUDALAGI,88.92452725,5.798516205,2.259162158,6.520716369,2.540538845,38.96103896,2023,Belagavi
Karnataka,Belagavi,NIPPANI,71.24893531,1.347110772,0,1.890710039,0,0,2023,Belagavi
Karnataka,Belagavi,Ramdurg,81.86559452,31.61854938,23.54033456,38.62251238,28.75485691,74.45102645,2023,Belagavi
Karnataka,Belagavi,Raybag,73.23019131,21.92122996,6.22531175,29.93468891,8.501018007,28.39855136,2023,Belagavi
Karnataka,Belagavi,Saundatti,91.5601096,47.13723028,33.90512616,51.48227813,37.03045606,71.9285498,2023,Belagavi
Karnataka,Vijayapura,BABALESHWAR,67.63690591,4.711275579,0.99141145,6.965539768,1.465784746,21.04337632,2023,Vijayapura
Karnataka,Vijayapura,BASAVANA BAGEVADI,58.99190599,6.55072327,6.55072327,11.10444418,11.10444418,100,2023,Vijayapura
Karnataka,Vijayapura,CHADACHAN,81.82491136,14.77773016,13.53488916,18.06018474,16.54128178,91.58977063,2023,Vijayapura
Karnataka,Vijayapura,DEVARA HIPPARAGI,43.22141229,0,0,0,0,0,2023,Vijayapura
Karnataka,Vijayapura,INDI,61.47219925,3.094520997,2.033364024,5.034017059,3.307778229,65.70852244,2023,Vijayapura
Karnataka,Vijayapura,KOLHAR,81.12489428,1.81373931,1.81373931,2.23573704,2.23573704,100,2023,Vijayapura
Karnataka,Vijayapura,MUDDEBIHAL,95.57127199,67.6914244,29.39610627,70.82821332,30.75830807,43.42663274,2023,Vijayapura
Karnataka,Vijayapura,NIDAGUNDI,68.87983893,7.595863457,1.81660108,11.02770212,2.637348037,23.91566265,2023,Vijayapura
Karnataka,Vijayapura,SINDGI,45.80607755,0.686845861,0.686845861,1.499464477,1.499464477,100,2023,Vijayapura
Karnataka,Vijayapura,TALIKOTI,74.1202322,32.31445345,18.37263455,43.59734513,24.78761062,56.85577997,2023,Vijayapura
Karnataka,Vijayapura,TIKOTA,64.18979409,0,0,0,0,0,2023,Vijayapura
Karnataka,Vijayapura,VIJAYAPUR,62.90054483,10.69581679,7.754640318,17.00433091,12.32841518,72.50161882,2023,Vijayapura
Karnataka,Yadgir,GURUMITKAL,83.84192418,3.894015885,0.778160069,4.644473422,0.928127637,19.98348472,2023,Yadgir
Karnataka,Yadgir,HUNASAGI,60.50411804,0.952997089,0,1.575094588,0,0,2023,Yadgir
Karnataka,Yadgir,Shahapur,82.24737476,4.886813565,3.983043553,5.941604312,4.842760714,81.50594452,2023,Yadgir
Karnataka,Yadgir,Shorapur,73.29572732,16.90350456,6.325012002,23.06205993,8.629441624,37.41834706,2023,Yadgir
Karnataka,Yadgir,WADAGERA,91.98946973,15.73523881,8.612260248,17.10547833,9.362224039,54.73231358,2023,Yadgir
Karnataka,Yadgir,Yadgir,72.95344587,3.289968821,2.429846253,4.509682554,3.330680579,73.85620915,2023,Yadgir
Karnataka,Bengaluru Rural,DEVANHALLI,63.61940299,1.568740803,0,2.465821321,0,0,2023,Bengaluru (Rural)
Karnataka,Bengaluru Rural,DODBALLAPUR,58.0797793,5.079634946,2.845365455,8.745961172,4.89906382,56.0151563,2023,Bengaluru (Rural)
Karnataka,Bengaluru Rural,HOSKOTE,54.76336409,0,0,0,0,0,2023,Bengaluru (Rural)
Karnataka,Bengaluru Rural,NELAMANGALA,47.85616353,0,0,0,0,0,2023,Bengaluru (Rural)
Karnataka,Bengaluru Urban,Anekal,29.29330445,0.566388115,0,1.933507079,0,0,2023,Bengaluru (Urban)
Karnataka,Bengaluru Urban,Bangalore East,30.35795197,0.77531088,0.584000403,2.553897181,1.92371476,75.32467532,2023,Bengaluru (Urban)
Karnataka,Bengaluru Urban,Bangalore North,37.53565317,0,0,0,0,0,2023,Bengaluru (Urban)
Karnataka,Bengaluru Urban,Bangalore South,17.36358023,0,0,0,0,0,2023,Bengaluru (Urban)
Karnataka,Bengaluru Urban,YELAHANKA,48.54335193,0.826302682,0,1.702195355,0,0,2023,Bengaluru (Urban)
Karnataka,Bidar,Aurad,65.95025218,5.192572215,3.68523613,7.873468324,5.587903016,70.97130243,2023,Bidar
Karnataka,Bidar,BASVAKALYAN,67.75550899,11.34581587,4.150331215,16.74523008,6.125452051,36.58028001,2023,Bidar
Karnataka,Bidar,Bhalki,69.73707288,14.28958656,12.49581453,20.49066008,17.9184672,87.44699844,2023,Bidar
Karnataka,Bidar,Bidar,75.29206981,16.73069987,11.63731594,22.22106513,15.4562306,69.55665948,2023,Bidar
Karnataka,Bidar,CHITGUPPA,51.8227062,8.622229784,7.320600621,16.63793811,14.12624148,84.90379872,2023,Bidar
Karnataka,Bidar,HULSUR,51.42707711,20.72624029,11.71548117,40.30219381,22.7807642,56.52487383,2023,Bidar
Karnataka,Bidar,Humnabad,69.59029632,30.26137974,24.08451168,43.4850566,34.60900867,79.58828014,2023,Bidar
Karnataka,Bidar,KAMALNAGAR,73.07820054,10.88312359,3.705207219,14.89243511,5.07019493,34.04543913,2023,Bidar
Karnataka,Chamarajanagara,CHAMARAJANAGAR,91.033656,14.24890203,7.796674733,15.65234514,8.564606845,54.71772291,2023,Chamarajanagara
Karnataka,Chamarajanagara,GUNDLUPET,98.36738993,63.41373499,24.12049716,64.46621694,24.52082664,38.03670791,2023,Chamarajanagara
Karnataka,Chamarajanagara,KOLLEGALA,89.54043366,25.25023865,16.97804446,28.19981724,18.96131587,67.23914452,2023,Chamarajanagara
Karnataka,Chamarajanagara,KOLLEGALA (HANNUR),66.06856134,0,0,0,0,0,2023,Chamarajanagara
Karnataka,Chamarajanagara,YELANDUR,90.04071406,25.90562689,21.55235411,28.77101449,23.93623188,83.19564779,2023,Chamarajanagara
Karnataka,Chikkaballapur,BAGEPALLI,51.23749709,0.004652245,0,0.009079766,0,0,2023,Chikkaballapura
Karnataka,Chikkaballapur,CHIKBALLAPUR,42.13070379,1.952822892,0.825875594,4.63515374,1.960270111,42.29137199,2023,Chikkaballapura
Karnataka,Chikkaballapur,CHINTAMANI,30.07354547,0.065535571,0,0.217917676,0,0,2023,Chikkaballapura
Karnataka,Chikkaballapur,GAURIBIDANUR,45.18384841,0,0,0,0,0,2023,Chikkaballapura
Karnataka,Chikkaballapur,GUDIBANDE,80.07154213,5.755166932,1.923688394,7.187531024,2.402462027,33.42541436,2023,Chikkaballapura
Karnataka,Chikkaballapur,SIDLAGHATTA,34.11643483,0.028335909,0,0.083056478,0,0,2023,Chikkaballapura
Karnataka,Chikkamagaluru,AJJAMPURA,71.22586834,10.47603821,2.71793437,14.70819304,3.815937149,25.94429607,2023,Chikkamagaluru
Karnataka,Chikkamagaluru,CHIKKAMAGALUR,54.97356748,3.576998643,0.848676348,6.506760989,1.543789838,23.72593431,2023,Chikkamagaluru
Karnataka,Chikkamagaluru,KADUR,58.51997688,8.738530453,4.495701178,14.93255965,7.682335875,51.44687888,2023,Chikkamagaluru
Karnataka,Chikkamagaluru,KOPPA,66.85157624,0.929057863,0,1.389732173,0,0,2023,Chikkamagaluru
Karnataka,Chikkamagaluru,MUDIGERE,70.36184709,7.07342922,0.92657078,10.05293282,1.316865344,13.09931507,2023,Chikkamagaluru
Karnataka,Chikkamagaluru,NARASIMHARAJAPURA,76.05295606,3.718606009,0.305016549,4.889495691,0.401058111,8.202443281,2023,Chikkamagaluru
Karnataka,Chikkamagaluru,SRINGERI,84.33483467,2.658464243,1.658793804,3.152273023,1.966914159,62.39669421,2023,Chikkamagaluru
Karnataka,Chikkamagaluru,TARIKERE,63.42851752,6.93439839,1.94351846,10.93261937,3.064108285,28.02721088,2023,Chikkamagaluru
Karnataka,Bagalkote,Badami,84.1475147,29.13949759,14.10154997,34.62906504,16.75813008,48.39325018,2023,Bagalkot
Karnataka,Bagalkote,Bagalkote,68.64254455,40.13558925,3.809784308,58.47042751,5.550179313,9.492284476,2023,Bagalkot
Karnataka,Bagalkote,Bilagi,69.75167998,31.10777839,15.55677328,44.59789125,22.30308042,50.00927128,2023,Bagalkot
Karnataka,Bagalkote,GULEDAGUDDA,95.88528678,44.82871768,11.28757055,46.75244679,11.77195264,25.17932953,2023,Bagalkot
Karnataka,Bagalkote,Hungund,82.05833366,13.52209784,0,16.47864055,0,0,2023,Bagalkot
Karnataka,Bagalkote,ILKAL,76.59038756,9.236359001,0,12.05942324,0,0,2023,Bagalkot
Karnataka,Bagalkote,Jamakhandi,91.63404412,8.534057938,0,9.313195788,0,0,2023,Bagalkot
Karnataka,Bagalkote,Mudhol,98.10536681,29.40817331,7.667159035,29.97611065,7.815228956,26.07152424,2023,Bagalkot
Karnataka,Bagalkote,RABAKAVI BANAHATTI,95.12952198,27.84581523,0,29.27147603,0,0,2023,Bagalkot
Karnataka,Chitradurga,CHALLAKERE,65.75196612,4.728372656,2.833635814,7.191226262,4.309583395,59.9283521,2023,Chitradurga
Karnataka,Chitradurga,CHITRADURGA,58.54537542,6.530578939,5.041411106,11.15473066,8.611117564,77.19700125,2023,Chitradurga
Karnataka,Chitradurga,Hiriyur,53.55582847,4.109745135,2.951267994,7.673758865,5.510638298,71.81146026,2023,Chitradurga
Karnataka,Chitradurga,Holalkere,77.1446127,13.25220011,6.457623087,17.17838699,8.370802395,48.72868681,2023,Chitradurga
Karnataka,Chitradurga,Hosadurga,45.32380054,0.326034788,0,0.719345651,0,0,2023,Chitradurga
Karnataka,Chitradurga,Molakalmuru,81.80826949,4.131875699,2.459039913,5.050682193,3.005857388,59.51388889,2023,Chitradurga
Karnataka,Dakshina Kannada,Bantwal,94.23933102,49.6276987,29.07176317,52.66134443,30.84886412,58.57971241,2023,Dakshina Kannada
Karnataka,Dakshina Kannada,Beltangady,87.35133916,10.12505237,0,11.59118163,0,0,2023,Dakshina Kannada
Karnataka,Dakshina Kannada,KADABA,76.005056,3.879779502,0,5.104633437,0,0,2023,Dakshina Kannada
Karnataka,Dakshina Kannada,Mangalore,87.19662864,10.14791998,5.03503368,11.63797287,5.774344442,49.61641094,2023,Dakshina Kannada
Karnataka,Dakshina Kannada,MOODABIDRE,87.34776725,5.195244539,0,5.947770278,0,0,2023,Dakshina Kannada
Karnataka,Dakshina Kannada,Puttur,97.1140677,24.88423661,16.10904585,25.62371982,16.58775729,64.73594549,2023,Dakshina Kannada
Karnataka,Dakshina Kannada,Sullia,76.97675273,0,0,0,0,0,2023,Dakshina Kannada
Karnataka,Dakshina Kannada,Ullala,81.68222987,0,0,0,0,0,2023,Dakshina Kannada
Karnataka,Davangere,Channagiri,89.6745985,43.9249979,20.06362286,48.98265354,22.37380841,45.67700357,2023,Davanagere
Karnataka,Davangere,Davanagere,81.67046981,34.5600492,11.80430807,42.31645695,14.45358169,34.15593538,2023,Davanagere
Karnataka,Davangere,Harihara,91.26944165,18.4513819,8.075976278,20.2163852,8.848499709,43.76895088,2023,Davanagere
Karnataka,Davangere,Honnali,87.83371006,55.57761623,21.96530026,63.27595201,25.00782473,39.52184666,2023,Davanagere
Karnataka,Davangere,Jagalur,43.76170656,6.482830385,3.582206035,14.81393413,8.18570919,55.25682183,2023,Davanagere
Karnataka,Davangere,NYAMATI,79.55484404,21.84982442,7.395166288,27.46510873,9.29568322,33.84542661,2023,Davanagere
Karnataka,Dharwad,ALNAVARA,92.86733238,83.26879967,68.16792337,89.6642528,73.40355497,81.86490455,2023,Dharwad
Karnataka,Dharwad,ANNIGERI,95.44799525,81.66483004,42.29888955,85.55950266,44.31616341,51.79572348,2023,Dharwad
Karnataka,Dharwad,Dharwad,97.89243142,78.27265546,26.54207956,79.95782138,27.1135155,33.90977271,2023,Dharwad
Karnataka,Dharwad,Hubli,99.86583062,83.06453821,68.72210509,83.17613512,68.81443299,82.73338608,2023,Dharwad
Karnataka,Dharwad,Kalghatgi,99.77747982,91.96930363,57.05931019,92.17441029,57.18656183,62.04168993,2023,Dharwad
Karnataka,Dharwad,Kundgol,99.2849358,65.93210877,44.00170127,66.40696118,44.31860776,66.73789461,2023,Dharwad
Karnataka,Dharwad,Navalgund,99.68209444,92.86582515,25.40906966,93.16199231,25.49010412,27.36105518,2023,Dharwad
Karnataka,Gadag,Gadag,99.23018868,85.1754717,39.75660377,85.83624886,40.0650289,46.67611811,2023,Gadag
Karnataka,Gadag,GAJENDRAGAD,100,89.26762758,59.64647448,89.26762758,59.64647448,66.81758673,2023,Gadag
Karnataka,Gadag,LAXMESHWAR,100,100,30.34853921,100,30.34853921,30.34853921,2023,Gadag
Karnataka,Gadag,Mundaragi,100,91.9006011,38.45820165,91.9006011,38.45820165,41.8476062,2023,Gadag
Karnataka,Gadag,Naragund,100,89.4261128,49.14876494,89.4261128,49.14876494,54.96019384,2023,Gadag
Karnataka,Gadag,Ron,100,87.29579334,34.08719624,87.29579334,34.08719624,39.04792538,2023,Gadag
Karnataka,Gadag,Shirahatti,100,92.11878339,42.0622688,92.11878339,42.0622688,45.66090351,2023,Gadag
Karnataka,Hassan,Alur,21.52161042,0,0,0,0,0,2023,Hassan
Karnataka,Hassan,Arkalgud,31.48831488,0.454158388,0,1.442307692,0,0,2023,Hassan
Karnataka,Hassan,Arsikere,100,78.56935282,12.29403388,78.56935282,12.29403388,15.6473656,2023,Hassan
Karnataka,Hassan,Belur,25.96659119,1.24962618,0.875806383,4.812438302,3.372820007,70.08547009,2023,Hassan
Karnataka,Hassan,Channarayapatna,38.69412796,2.749427497,0.351983263,7.105541957,0.9096555,12.80205656,2023,Hassan
Karnataka,Hassan,Hassan,45.08367764,2.242185218,0.510204082,4.97338579,1.131682481,22.75476966,2023,Hassan
Karnataka,Hassan,Holenarsipur,83.36433412,44.4508584,36.44624035,53.32119409,43.71922446,81.99220817,2023,Hassan
Karnataka,Hassan,Sakaleshpur,39.47430897,5.887739529,1.549940648,14.91537074,3.926454163,26.32488479,2023,Hassan
